Link Name,Center of Mass X,Center of Mass Y,Center of Mass Z,Center of Mass Roll,Center of Mass Pitch,Center of Mass Yaw,Mass,Moment Ixx,Moment Ixy,Moment Ixz,Moment Iyy,Moment Iyz,Moment Izz,Visual X,Visual Y,Visual Z,Visual Roll,Visual Pitch,Visual Yaw,Mesh Filename,Color Red,Color Green,Color Blue,Color Alpha,Collision X,Collision Y,Collision Z,Collision Roll,Collision Pitch,Collision Yaw,Collision Mesh Filename,Material Name,SW Components,Coordinate System,Axis Name,Joint Name,Joint Type,Joint Origin X,Joint Origin Y,Joint Origin Z,Joint Origin Roll,Joint Origin Pitch,Joint Origin Yaw,Parent,Joint Axis X,Joint Axis Y,Joint Axis Z,Limit Effort,Limit Velocity,Limit Lower,Limit Upper,Calibration rising,Calibration falling,Dynamics Damping,Dynamics Friction,Safety Soft Upper,Safety Soft Lower,Safety K Position,Safety K Velocity
body,0.000267795488204874,8.67532179898989E-06,0.00796887377561833,0,0,0,0.163675340720187,0.000348426224346752,3.07038500458612E-07,2.40288323845292E-07,0.000348738480928922,8.1320605159623E-09,0.000685386918070708,0,0,0,0,0,0,package://hexapod_urdf_new/meshes/body.STL,1,1,1,1,0,0,0,0,0,0,package://hexapod_urdf_new/meshes/body.STL,,body-1,坐标系_body,,,,0,0,0,0,0,0,,0,0,0,,,,,,,,,,,,
haunch1,-0.019954,-0.013872,0.022934,0,0,0,0.016557,8.4014E-06,-1.3105E-06,-6.8418E-07,9.3754E-06,-4.7565E-07,3.5272E-06,0,0,0,0,0,0,package://hexapod_urdf_new/meshes/haunch1.STL,1,1,1,1,0,0,0,0,0,0,package://hexapod_urdf_new/meshes/haunch1.STL,,leg_composed-1/haunch-1,坐标系_16,基准轴16,jo_haunch1,revolute,-0.075469,-0.020618,-0.0088,0,0,-0.20877,body,0,0,-1,0,0,-30,50,,,,,,,,
thigh1,-0.0400354803004161,-0.0157408364052103,0.0178385176860469,0,0,0,0.0266777976712455,1.66825905694711E-05,-1.26256099723416E-06,5.12263386712807E-06,1.76208540164333E-05,3.56117685525422E-06,2.77850616754357E-05,0,0,0,0,0,0,package://hexapod_urdf_new/meshes/thigh1.STL,1,1,1,1,0,0,0,0,0,0,package://hexapod_urdf_new/meshes/thigh1.STL,,leg_composed-1/thigh-2,坐标系_17,基准轴17,jo_thigh1,revolute,-0.031993,-0.025895,0.01015,0,0,0,haunch1,0.57082,-0.82108,0,0,0,-30,50,,,,,,,,
calf1,-0.0156946823459774,-0.0109110607057899,-0.0268117264223835,0,0,0,0.0333887237767673,6.43210779902367E-05,-2.12535768073639E-06,-8.75844233632046E-07,6.59006693187751E-05,-6.08893470523995E-07,5.09119921156692E-06,0,0,0,0,0,0,package://hexapod_urdf_new/meshes/calf1.STL,1,1,1,1,0,0,0,0,0,0,package://hexapod_urdf_new/meshes/calf1.STL,,leg_composed-1/calf-1,坐标系_18,基准轴18,jo_calf1,revolute,-0.068736,-0.047786,0.035677,0,0,0,thigh1,0.57082,-0.82108,0,0,0,-90,30,,,,,,,,
haunch2,0.00203661768767568,-0.0242163250342355,0.0229344937796774,0,0,0,0.0165574984042958,1.02668392443582E-05,2.3349126230053E-07,6.98334314630921E-08,7.50994327462753E-06,-8.30340883527915E-07,3.52719595889137E-06,0,0,0,0,0,0,package://hexapod_urdf_new/meshes/haunch2.STL,1,1,1,1,0,0,0,0,0,0,package://hexapod_urdf_new/meshes/haunch2.STL,,leg_composed-2/haunch-1,坐标系_13,基准轴13,jo_haunch2,revolute,-0.019879,-0.075667,-0.0088,0,0,-0.20877,body,0,0,-1,0,0,-30,50,,,,,,,,
thigh2,-0.00648009449685838,-0.0414206689071125,0.0202771519068976,0,0,0,0.0266777976712455,1.84851517516563E-05,1.6014785843344E-07,-5.78250998562548E-07,1.65949416000481E-05,6.876789981323E-06,2.70084129096355E-05,0,0,0,0,0,0,package://hexapod_urdf_new/meshes/thigh2.STL,1,1,1,1,0,0,0,0,0,0,package://hexapod_urdf_new/meshes/thigh2.STL,,leg_composed-2/thigh-2,坐标系_14,基准轴14,jo_thigh2,revolute,0.0064296,-0.040654,0.01015,0,0,0,haunch2,0.99648,0.083805,0,0,0,-30,50,,,,,,,,
calf2,0.0018512924877305,-0.0220127455322858,-0.0244183276313063,0,0,0,0.0333887237767673,6.73392249825128E-05,4.63834472618215E-07,6.43593418333224E-07,6.18630220731684E-05,-7.65263092568199E-06,6.11069946489763E-06,0,0,0,0,0,0,package://hexapod_urdf_new/meshes/calf2.STL,1,1,1,1,0,0,0,0,0,0,package://hexapod_urdf_new/meshes/calf2.STL,,leg_composed-2/calf-1,坐标系_15,基准轴15,jo_calf2,revolute,0.0068271,-0.081177,0.040555,0,0,0,thigh2,0.99648,0.083805,0,0,0,-90,30,,,,,,,,
haunch3,0.0199536438221113,0.0138719251724414,0.0229344937796775,0,0,0,0.0165574984042957,8.40137663177413E-06,-1.31051660383911E-06,6.84179583204458E-07,9.37540588721162E-06,4.75647967444421E-07,3.52719595889136E-06,0,0,0,0,0,0,package://hexapod_urdf_new/meshes/haunch3.STL,1,1,1,1,0,0,0,0,0,0,package://hexapod_urdf_new/meshes/haunch3.STL,,leg_composed-3/haunch-1,坐标系_7,基准轴7,jo_haunch3,revolute,0.075469,0.020618,-0.0088,0,0,-0.20877,body,0,0,-1,0,0,-30,50,,,,,,,,
thigh3,0.0367629926071858,0.0134657784529644,0.0252186738760987,0,0,0,0.0266777976712454,1.84726031592737E-05,-1.81477154339309E-08,-6.55235771211076E-06,1.84859677170059E-05,-4.55514267969836E-06,2.512993538506E-05,0,0,0,0,0,0,package://hexapod_urdf_new/meshes/thigh3.STL,1,1,1,1,0,0,0,0,0,0,package://hexapod_urdf_new/meshes/thigh3.STL,,leg_composed-3/thigh-2,坐标系_8,基准轴8,jo_thigh3,revolute,0.031993,0.025895,0.01015,0,0,0,haunch3,-0.57082,0.82108,0,0,0,-30,50,,,,,,,,
calf3,0.0252602449626149,0.0175611114754042,-0.0117375620244632,0,0,0,0.0333887237767672,5.17150885050685E-05,-1.08891359786002E-05,2.22053459270814E-05,5.98080250131074E-05,1.543732278702E-05,2.37898330024021E-05,0,0,0,0,0,0,package://hexapod_urdf_new/meshes/calf3.STL,1,1,1,1,0,0,0,0,0,0,package://hexapod_urdf_new/meshes/calf3.STL,,leg_composed-3/calf-1,坐标系_9,基准轴9,jo_calf3,revolute,0.062191,0.043236,0.050438,0,0,0,thigh3,-0.57082,0.82108,0,0,0,-90,30,,,,,,,,
haunch4,0.0219902615097221,-0.0103443998620095,0.0229344937800388,0,0,0,0.0165574984042958,7.99695790234625E-06,1.07702534153859E-06,7.54013014667541E-07,9.77982461663951E-06,-3.54692916083473E-07,3.52719595889136E-06,0,0,0,0,0,0,package://hexapod_urdf_new/meshes/haunch4.STL,1,1,1,1,0,0,0,0,0,0,package://hexapod_urdf_new/meshes/haunch4.STL,,leg_composed-4/haunch-1,坐标系_10,基准轴10,jo_haunch4,revolute,0.055591,-0.055049,-0.0088,0,0,-0.20877,body,0,0,-1,0,0,-30,50,,,,,,,,
thigh4,0.0280327766933946,-0.0241590752339877,0.0282724042413836,0,0,0,0.0266777976712455,1.9584458629253E-05,-5.108501938764E-07,-7.62051947372914E-06,1.87389628345543E-05,3.58484592420651E-06,2.37650847975327E-05,0,0,0,0,0,0,package://hexapod_urdf_new/meshes/thigh4.STL,1,1,1,1,0,0,0,0,0,0,package://hexapod_urdf_new/meshes/thigh4.STL,,leg_composed-4/thigh-2,坐标系_11,基准轴11,jo_thigh4,revolute,0.038422,-0.014759,0.01015,0,0,0,haunch4,0.42566,0.90488,0,0,0,-30,50,,,,,,,,
calf4,0.0184157308016662,-0.0086629130913688,-0.0258854742061481,0,0,0,0.0333887237767673,6.34792242454168E-05,1.83412661537889E-06,3.40992014636395E-06,6.65154454586335E-05,-1.60405483906842E-06,5.31827681652832E-06,0,0,0,0,0,0,package://hexapod_urdf_new/meshes/calf4.STL,1,1,1,1,0,0,0,0,0,0,package://hexapod_urdf_new/meshes/calf4.STL,,leg_composed-4/calf-1,坐标系_12,基准轴12,jo_calf4,revolute,0.064518,-0.03035,0.056545,0,0,0,thigh4,0.42566,0.90488,0,0,0,-90,30,,,,,,,,
haunch5,-0.0020366176876757,0.0242163250342357,0.0229344937796774,0,0,0,0.0165574984042957,1.02668392443582E-05,2.33491262300528E-07,-6.98334314630979E-08,7.50994327462753E-06,8.30340883527918E-07,3.52719595889136E-06,0,0,0,0,0,0,package://hexapod_urdf_new/meshes/haunch5.STL,1,1,1,1,0,0,0,0,0,0,package://hexapod_urdf_new/meshes/haunch5.STL,,leg_composed-5/haunch-1,坐标系_4,基准轴4,jo_haunch5,revolute,0.019879,0.075667,-0.0088,0,0,-0.20877,body,0,0,-1,0,0,-30,50,,,,,,,,
thigh5,0.00661792197635344,0.0397818348203358,0.0232902351619304,0,0,0,0.0266777976712456,1.84928540861546E-05,6.85565588895226E-08,6.37371378762997E-07,1.76840875085583E-05,-7.57971446041896E-06,2.59115646666273E-05,0,0,0,0,0,0,package://hexapod_urdf_new/meshes/thigh5.STL,1,1,1,1,0,0,0,0,0,0,package://hexapod_urdf_new/meshes/thigh5.STL,,leg_composed-5/thigh-2,坐标系_5,基准轴5,jo_thigh5,revolute,-0.0064296,0.040654,0.01015,0,0,0,haunch5,-0.99648,-0.083805,0,0,0,-30,50,,,,,,,,
calf5,-0.00201327489580633,0.0239387931737933,-0.0225194111741462,0,0,0,0.0333887237767673,6.73277407920172E-05,6.00386943226905E-07,-1.01747546990756E-06,6.02393484466348E-05,1.20982658077847E-05,7.74585728192622E-06,0,0,0,0,0,0,package://hexapod_urdf_new/meshes/calf5.STL,1,1,1,1,0,0,0,0,0,0,package://hexapod_urdf_new/meshes/calf5.STL,,leg_composed-5/calf-1,坐标系_6,基准轴6,jo_calf5,revolute,-0.0065514,0.077899,0.046581,0,0,0,thigh5,-0.99648,-0.083805,0,0,0,-90,30,,,,,,,,
haunch6,-0.0219902615097869,0.0103443998617939,0.0229344937796775,0,0,0,0.0165574984042958,7.99695790234627E-06,1.07702534153859E-06,-7.5401301466754E-07,9.77982461663952E-06,3.54692916083469E-07,3.52719595889136E-06,0,0,0,0,0,0,package://hexapod_urdf_new/meshes/haunch6.STL,1,1,1,1,0,0,0,0,0,0,package://hexapod_urdf_new/meshes/haunch6.STL,,leg_composed-6/haunch-1,坐标系_1,基准轴1,jo_haunch6,revolute,-0.055591,0.055049,-0.0088,0,0,-0.20877,body,0,0,-1,0,0,-30,50,,,,,,,,
thigh6,-0.0321360509456165,0.0260892896193336,0.0213412634029738,0,0,0,0.0266777976712455,1.72317914033242E-05,5.95879914730642E-07,6.48399378932589E-06,1.8218340317461E-05,-3.05022623516787E-06,2.66383745405549E-05,0,0,0,0,0,0,package://hexapod_urdf_new/meshes/thigh6.STL,1,1,1,1,0,0,0,0,0,0,package://hexapod_urdf_new/meshes/thigh6.STL,,leg_composed-6/thigh-2,坐标系_2,基准轴2,jo_thigh6,revolute,-0.038422,0.014759,0.01015,0,0,0,haunch6,-0.42566,-0.90488,0,0,0,-30,50,,,,,,,,
calf6,-0.026508313596054,0.0124697315110515,-0.0150352279792999,0,0,0,0.0333887237767673,5.29743966367572E-05,6.77568502026337E-06,-2.18806863547052E-05,6.41908952252956E-05,1.02928571118675E-05,1.81476546585259E-05,0,0,0,0,0,0,package://hexapod_urdf_new/meshes/calf6.STL,1,1,1,1,0,0,0,0,0,0,package://hexapod_urdf_new/meshes/calf6.STL,,leg_composed-6/calf-1,坐标系_3,基准轴3,jo_calf6,revolute,-0.072724,0.03421,0.042683,0,0,0,thigh6,-0.42566,-0.90488,0,0,0,-90,30,,,,,,,,
